INSERT INTO "OperadoraPlanoSaude" ("id", "nomeSocial", "cnpj", "registroANS", "ativado") VALUES
(1, 'Alice', '34.266.553/0001-02', '421928', TRUE),
(2, 'Ameplan Saúde', '67.839.969/0001-21', '394734', TRUE),
(3, 'Amil', '29.309.127/0001-79', '326305', TRUE),
(4, 'Ampla Saúde', '41.077.489/0001-87', '422720', TRUE),
(5, 'Ana Costa Saúde', '02.864.364/0001-45', '360244', TRUE),
(6, 'Ativia Saúde', '69.289.171/0001-89', '320510', TRUE),
(7, 'Biosaúde', '03.123.146/0001-12', '402966', TRUE),
(8, 'Biovida Saúde', '04.299.138/0001-94', '41511-1', TRUE);

INSERT INTO "Hospital" ("id", "nome", "cnpj", "endereco", "ativo") VALUES
(1, 'Santa Casa de Belo Horizonte', '17209891000193', 'Av. Francisco Sales, 1111 - Santa Efigênia, Belo Horizonte, MG, 30150-221', TRUE),
(2, 'Hospital São Lucas', '17209891000274', 'Av. Francisco Sales, 1186 - Santa Efigênia, Belo Horizonte, MG, 30150-221', TRUE),
(3, 'Hospital Infantil São Camilo', '19235605000190', 'Av. Silviano Brandão, 1600, Horto - Belo Horizonte, MG, 31015-015', TRUE),
(4, 'Maternidade Octaviano Neves', '17272568000164', 'Rua Ceará, 186, Santa Efigênia, Belo Horizonte - MG, 30150-310', TRUE),
(5, 'Hospital Evangélico', '17214743000167', 'Rua Dr. Alípio Goulart, 25 - Serra, Belo Horizonte', TRUE),
(6, 'Núcleo de Otorrino', '70947908000192', 'Avenida do Contorno, 6.500 - 5º Andar, Funcionários, Belo Horizonte', TRUE),
(7, 'Hospital Lifecenter', '04123021000155', 'Av. do Contorno, 4747 - Funcionários, Belo Horizonte, MG', TRUE),
(8, 'Hospital Felício Rocho', '17214149000176', 'Av. do Contorno, 9.530 - Barro Preto', TRUE),
(9, 'Hospital Luxemburgo', '17513235000260', 'Rua Gentios, 1350, Luxemburgo, Belo Horizonte, MG, 30380-490', TRUE),
(10, 'Hospital Madre Teresa', '60194990000844', 'Av. Raja Gabáglia, 1002, Belo Horizonte, Minas Gerais, Brazil', TRUE),
(11, 'Hospital Vera Cruz', '17163528000184', 'Av. Barbacena, 653 – Barro Preto, Belo Horizonte, MG, CEP 30190-130', TRUE),
(12, 'Hospital Belo Horizonte', '07861091000107', 'Rua Além Paraíba, 131 - Lagoinha, Belo Horizonte, MG', TRUE),
(13, 'Hospital Mater Dei', '17513235000180', 'Rua Gonçalves Dias, 2700 - Santo Agostinho, Belo Horizonte - MG, 30190-094', TRUE),
(14, 'Hospital Socor', '17271651000103', 'Av. do Contorno, 10500 - Barro Preto, Belo Horizonte - MG, 30110-072', TRUE),
(15, 'Hospital Semper', '17241100000195', 'Alameda Ezequiel Dias, 389 - Centro, Belo Horizonte - MG, 30130-110', TRUE);

INSERT INTO "EspecialidadesPorHospital" ("id", "hospitalId", "especialidadeId", "disponibilidade") VALUES
(1, 1, 1, '{"dias": "Disponível 24/7"}'),
(2, 1, 2, '{"dias": "Disponível 24/7"}'),
(3, 1, 3, '{"dias": "Disponível 24/7"}'),
(4, 1, 6, '{"dias": "Disponível 24/7"}'),
(5, 2, 1, '{"dias": "Disponível 24/7"}'),
(6, 2, 4, '{"dias": "Seg-Sex 8h-18h"}'),
(7, 2, 8, '{"dias": "Disponível 24/7"}'),
(8, 3, 2, '{"dias": "Disponível 24/7"}'),
(9, 3, 13, '{"dias": "Disponível 24/7"}'),
(10, 4, 3, '{"dias": "Disponível 24/7"}'),
(11, 5, 1, '{"dias": "Disponível 24/7"}'),
(12, 5, 9, '{"dias": "Seg-Sex 8h-20h"}'),
(13, 6, 7, '{"dias": "Seg-Sex 8h-18h"}'),
(14, 7, 1, '{"dias": "Disponível 24/7"}'),
(15, 7, 6, '{"dias": "Disponível 24/7"}'),
(16, 7, 12, '{"dias": "Disponível 24/7"}'),
(17, 8, 1, '{"dias": "Disponível 24/7"}'),
(18, 8, 5, '{"dias": "Seg-Sex 8h-18h"}'),
(19, 8, 10, '{"dias": "Seg-Sex 8h-18h"}'),
(20, 9, 1, '{"dias": "Disponível 24/7"}'),
(21, 9, 8, '{"dias": "Disponível 24/7"}'),
(22, 10, 1, '{"dias": "Disponível 24/7"}'),
(23, 10, 11, '{"dias": "Seg-Sex 8h-18h"}'),
(24, 11, 1, '{"dias": "Disponível 24/7"}'),
(25, 11, 14, '{"dias": "Seg-Sex 8h-18h"}'),
(26, 12, 1, '{"dias": "Disponível 24/7"}'),
(27, 12, 15, '{"dias": "Seg-Sex 8h-18h"}'),
(28, 13, 1, '{"dias": "Disponível 24/7"}'),
(29, 13, 4, '{"dias": "Disponível 24/7"}'),
(30, 13, 6, '{"dias": "Disponível 24/7"}'),
(31, 14, 1, '{"dias": "Disponível 24/7"}'),
(32, 14, 8, '{"dias": "Disponível 24/7"}'),
(33, 14, 12, '{"dias": "Disponível 24/7"}'),
(34, 15, 1, '{"dias": "Disponível 24/7"}'),
(35, 15, 2, '{"dias": "Disponível 24/7"}'),
(36, 15, 3, '{"dias": "Disponível 24/7"}');

INSERT INTO "OperadorasPorHospital" ("id", "hospitalId", "operadoraId", "disponibilidade") VALUES
(1, 1, 1, 'Disponível 24/7'),
(2, 1, 16, 'Seg-Sex 8h-18h'),
(3, 1, 10, 'Disponível 24/7'),
(4, 1, 2, 'Seg-Sex 8h-20h'),
(5, 2, 14, 'Seg-Sex 8h-20h'),
(6, 2, 18, 'Disponível 24/7'),
(7, 2, 17, 'Seg-Sex 8h-18h'),
(8, 2, 16, 'Seg-Sex 8h-20h'),
(9, 3, 8, 'Seg-Sex 8h-20h'),
(10, 3, 7, 'Seg-Sex 8h-20h'),
(11, 3, 2, 'Disponível 24/7'),
(12, 3, 16, 'Seg-Sex 8h-18h'),
(13, 3, 6, 'Seg-Sex 8h-18h'),
(14, 3, 13, 'Seg-Sex 8h-20h'),
(15, 4, 16, 'Disponível 24/7'),
(16, 4, 5, 'Seg-Sex 8h-20h'),
(17, 4, 13, 'Disponível 24/7'),
(18, 5, 2, 'Disponível 24/7'),
(19, 5, 18, 'Seg-Sex 8h-20h'),
(20, 5, 17, 'Seg-Sex 8h-18h'),
(21, 5, 15, 'Seg-Sex 8h-18h'),
(22, 5, 11, 'Disponível 24/7'),
(23, 5, 16, 'Disponível 24/7'),
(24, 6, 10, 'Seg-Sex 8h-18h'),
(25, 6, 14, 'Disponível 24/7'),
(26, 6, 4, 'Disponível 24/7'),
(27, 6, 11, 'Disponível 24/7'),
(28, 7, 11, 'Seg-Sex 8h-18h'),
(29, 7, 8, 'Seg-Sex 8h-18h'),
(30, 7, 12, 'Seg-Sex 8h-20h'),
(31, 8, 15, 'Seg-Sex 8h-20h'),
(32, 8, 19, 'Seg-Sex 8h-20h'),
(33, 8, 11, 'Seg-Sex 8h-20h'),
(34, 8, 12, 'Disponível 24/7'),
(35, 8, 9, 'Seg-Sex 8h-20h'),
(36, 8, 7, 'Seg-Sex 8h-20h'),
(37, 9, 14, 'Disponível 24/7'),
(38, 9, 5, 'Disponível 24/7'),
(39, 9, 15, 'Disponível 24/7'),
(40, 9, 3, 'Disponível 24/7'),
(41, 9, 7, 'Disponível 24/7'),
(42, 10, 6, 'Disponível 24/7'),
(43, 10, 5, 'Seg-Sex 8h-20h'),
(44, 10, 7, 'Seg-Sex 8h-18h'),
(45, 11, 7, 'Seg-Sex 8h-18h'),
(46, 11, 13, 'Disponível 24/7'),
(47, 11, 3, 'Seg-Sex 8h-20h'),
(48, 11, 15, 'Seg-Sex 8h-18h'),
(49, 12, 8, 'Seg-Sex 8h-18h'),
(50, 12, 16, 'Seg-Sex 8h-20h');


INSERT INTO "OperadorasPorHospital" ("id", "hospitalId", "operadoraId", "disponibilidade") VALUES
(1, 1, 1, 1),
(2, 1, 2, 2),
(3, 1, 3, 3),
(4, 1, 4, 4),
(5, 1, 5, 5),
(10, 2, 2, 10),
(11, 2, 3, 11),
(12, 2, 4, 12),
(17, 3, 1, 17),
(21, 3, 5, 21),
(22, 3, 6, 22),
(23, 3, 7, 23),
(24, 3, 8, 24),
(25, 4, 1, 25),
(30, 4, 6, 30),
(31, 4, 7, 31),
(32, 4, 8, 32),
(33, 5, 1, 33),
(36, 5, 4, 36),
(37, 5, 5, 37),
(38, 5, 6, 38),
(42, 6, 2, 42),
(43, 6, 3, 43),
(44, 6, 4, 44),
(48, 6, 8, 48),
(52, 7, 4, 52),
(53, 7, 5, 53),
(60, 8, 4, 60),
(61, 8, 5, 61),
(62, 8, 6, 62),
(65, 9, 1, 65),
(72, 9, 8, 72),
(73, 10, 1, 73),
(78, 10, 6, 78),
(79, 10, 7, 79),
(80, 10, 8, 80),
(81, 11, 1, 81),
(82, 11, 2, 82),
(83, 11, 3, 83),
(84, 11, 4, 84),
(87, 11, 7, 87),
(88, 11, 8, 88),
(89, 12, 1, 89),
(90, 12, 2, 90),
(93, 12, 5, 93),
(94, 12, 6, 94),
(97, 13, 1, 97),
(98, 13, 2, 98),
(99, 13, 3, 99),
(102, 13, 6, 102),
(106, 14, 2, 106),
(107, 14, 3, 107),
(108, 14, 4, 108),
(109, 14, 5, 109),
(110, 14, 6, 110),
(113, 15, 1, 113),
(116, 15, 4, 116),
(117, 15, 5, 117);